{
  "auth.js": 1775814628.9427152,
  "index.js": 1775814526.12364,
  "middleware.ts": 1775817915.0622845,
  "next-env.d.ts": 1775809679.3849902,
  "next.config.js": 1775817927.585136,
  "app\\layout.tsx": 1775708324.265141,
  "app\\page.tsx": 1775709092.9588563,
  "app\\(auth)\\login\\page.tsx": 1775819957.0159316,
  "app\\(dashboard)\\layout.tsx": 1775730037.200866,
  "app\\(dashboard)\\bookings\\page.tsx": 1775708681.9941914,
  "app\\(dashboard)\\bookings\\[branchId]\\page.tsx": 1775738789.5663977,
  "app\\(dashboard)\\clients\\page.tsx": 1775708704.6648645,
  "app\\(dashboard)\\dashboard\\page.tsx": 1775737602.549573,
  "app\\(dashboard)\\deals\\page.tsx": 1775882930.531312,
  "app\\(dashboard)\\packages\\page.tsx": 1775887975.921328,
  "app\\(dashboard)\\reports\\page.tsx": 1775825673.0965323,
  "app\\(dashboard)\\settings\\page.tsx": 1775823973.5525503,
  "app\\(dashboard)\\staff\\page.tsx": 1775731108.9189851,
  "app\\(super)\\super-admin\\dashboard\\page.tsx": 1775818222.283293,
  "app\\(super)\\super-admin\\login\\page.tsx": 1775815889.2130108,
  "app\\api\\super-admin\\login\\route.ts": 1775815879.7274716,
  "components\\bookings\\BookingDrawer.tsx": 1775739714.3374977,
  "components\\bookings\\BookingsTable.tsx": 1775806906.5055103,
  "components\\bookings\\CrmAnalyticsBar.tsx": 1775794946.950434,
  "components\\dashboard\\AllTimeRevenuePie.tsx": 1775713336.9405794,
  "components\\dashboard\\KpiCards.tsx": 1775708498.308573,
  "components\\dashboard\\TodayAppointmentsTable.tsx": 1775708557.8522465,
  "components\\dashboard\\TodayBookingsPie.tsx": 1775726885.826258,
  "components\\dashboard\\UpcomingList.tsx": 1775708571.522759,
  "components\\deals\\DealDrawer.tsx": 1775887549.6256304,
  "components\\layout\\Sidebar.tsx": 1775818697.394533,
  "components\\layout\\Topbar.tsx": 1775708411.4893186,
  "components\\services\\ServiceDrawer.tsx": 1775887510.8992236,
  "components\\settings\\BranchDrawer.tsx": 1775817019.6804595,
  "components\\settings\\IntegrationsTab.tsx": 1775824295.7731233,
  "components\\settings\\RoleDrawer.tsx": 1775736790.0925062,
  "components\\settings\\StaffDrawer.tsx": 1775736519.1308172,
  "components\\ui\\Badge.tsx": 1775708450.9116044,
  "components\\ui\\Card.tsx": 1775708439.375899,
  "components\\ui\\DrawerShell.tsx": 1775735557.210147,
  "components\\ui\\EmptyState.tsx": 1775708483.5011551,
  "components\\ui\\ModalShell.tsx": 1775736505.3379247,
  "components\\ui\\Skeleton.tsx": 1775708472.1830282,
  "lib\\api.ts": 1775699671.2301066,
  "lib\\queries.ts": 1775795322.4811943,
  "lib\\types.ts": 1775825633.88505,
  "lib\\utils.ts": 1775728646.1026583,
  "AGENTS.md": 1775670406.2924087,
  "CLAUDE.md": 1775820003.6545134,
  "README.md": 1775670405.7737823,
  "public\\file.svg": 1775670405.8459325,
  "public\\globe.svg": 1775670405.8579848,
  "public\\next.svg": 1775670405.874198,
  "public\\vercel.svg": 1775670405.874198,
  "public\\window.svg": 1775670405.8905282
}